{"app":["/app-db83ba658da3c6b48444.js"],"component---src-templates-blog-post-js":["/component---src-templates-blog-post-js-e6aa7abf7f398389f0db.js"],"component---src-templates-services-js":["/component---src-templates-services-js-1618a96358f2973f3a2c.js"],"component---src-pages-404-js":["/component---src-pages-404-js-eb3c4a41ab74ceb5d730.js"],"component---src-pages-about-us-js":["/component---src-pages-about-us-js-08f6efd49ea1af16a0f2.js"],"component---src-pages-blog-js":["/component---src-pages-blog-js-5d4c9919ac2428009bd9.js"],"component---src-pages-contact-us-js":["/component---src-pages-contact-us-js-9a917a8853a75ba51ab6.js"],"component---src-pages-faq-js":["/component---src-pages-faq-js-9af4173445b93bde444d.js"],"component---src-pages-hire-iskill-grad-js":["/component---src-pages-hire-iskill-grad-js-08df19e08c5a78b59525.js"],"component---src-pages-home-js":["/component---src-pages-home-js-6ebe28868cad9c66423a.js"],"component---src-pages-index-js":["/component---src-pages-index-js-92032b41d4f03a206d60.js"],"component---src-pages-privacy-policy-js":["/component---src-pages-privacy-policy-js-0299a893de439cf71155.js"],"component---src-pages-profile-js":["/component---src-pages-profile-js-70e4a253e67b17352fb7.js"],"component---src-pages-program-js":["/component---src-pages-program-js-f466fb4ca5e1f5948e2f.js"],"component---src-pages-reskyll-js":["/component---src-pages-reskyll-js-e33af2f8c9907d57792c.js"],"component---src-pages-services-js":["/component---src-pages-services-js-55b7e3c3ac850865b47d.js"],"component---src-pages-signup-js":["/component---src-pages-signup-js-b893a850276e198e5396.js"],"component---src-pages-singin-js":["/component---src-pages-singin-js-8f61f05c0ac3caf4ac58.js"],"component---src-pages-terms-conditions-js":["/component---src-pages-terms-conditions-js-7f1f5060db8c4596df70.js"]}