{"errors":[],"warnings":[],"namedChunkGroups":{"app":{"chunks":[22,3],"assets":["webpack-runtime-d5c5cd59b24c17940248.js","webpack-runtime-d5c5cd59b24c17940248.js.map","app-db83ba658da3c6b48444.js","app-db83ba658da3c6b48444.js.map"],"children":{},"childAssets":{}},"component---src-templates-blog-post-js":{"chunks":[0,1,20],"assets":["styles.ee720e8b65bca6887311.css","styles-67dc029f1a40188fed91.js","styles-67dc029f1a40188fed91.js.map","1-ad028c2927b7a587358a.js","1-ad028c2927b7a587358a.js.map","component---src-templates-blog-post-js-e6aa7abf7f398389f0db.js","component---src-templates-blog-post-js-e6aa7abf7f398389f0db.js.map"],"children":{},"childAssets":{}},"component---src-templates-services-js":{"chunks":[0,1,24,21],"assets":["styles.ee720e8b65bca6887311.css","styles-67dc029f1a40188fed91.js","styles-67dc029f1a40188fed91.js.map","1-ad028c2927b7a587358a.js","1-ad028c2927b7a587358a.js.map","24-77478f98204b9c3b0696.js","24-77478f98204b9c3b0696.js.map","component---src-templates-services-js-1618a96358f2973f3a2c.js","component---src-templates-services-js-1618a96358f2973f3a2c.js.map"],"children":{},"childAssets":{}},"component---src-pages-404-js":{"chunks":[0,1,2,4],"assets":["styles.ee720e8b65bca6887311.css","styles-67dc029f1a40188fed91.js","styles-67dc029f1a40188fed91.js.map","1-ad028c2927b7a587358a.js","1-ad028c2927b7a587358a.js.map","2-d9b14e12b4d49e0a3556.js","2-d9b14e12b4d49e0a3556.js.map","component---src-pages-404-js-eb3c4a41ab74ceb5d730.js","component---src-pages-404-js-eb3c4a41ab74ceb5d730.js.map"],"children":{},"childAssets":{}},"component---src-pages-about-us-js":{"chunks":[0,1,2,5],"assets":["styles.ee720e8b65bca6887311.css","styles-67dc029f1a40188fed91.js","styles-67dc029f1a40188fed91.js.map","1-ad028c2927b7a587358a.js","1-ad028c2927b7a587358a.js.map","2-d9b14e12b4d49e0a3556.js","2-d9b14e12b4d49e0a3556.js.map","component---src-pages-about-us-js-08f6efd49ea1af16a0f2.js","component---src-pages-about-us-js-08f6efd49ea1af16a0f2.js.map"],"children":{},"childAssets":{}},"component---src-pages-blog-js":{"chunks":[0,1,2,6],"assets":["styles.ee720e8b65bca6887311.css","styles-67dc029f1a40188fed91.js","styles-67dc029f1a40188fed91.js.map","1-ad028c2927b7a587358a.js","1-ad028c2927b7a587358a.js.map","2-d9b14e12b4d49e0a3556.js","2-d9b14e12b4d49e0a3556.js.map","component---src-pages-blog-js-5d4c9919ac2428009bd9.js","component---src-pages-blog-js-5d4c9919ac2428009bd9.js.map"],"children":{},"childAssets":{}},"component---src-pages-contact-us-js":{"chunks":[0,1,2,7],"assets":["styles.ee720e8b65bca6887311.css","styles-67dc029f1a40188fed91.js","styles-67dc029f1a40188fed91.js.map","1-ad028c2927b7a587358a.js","1-ad028c2927b7a587358a.js.map","2-d9b14e12b4d49e0a3556.js","2-d9b14e12b4d49e0a3556.js.map","component---src-pages-contact-us-js-9a917a8853a75ba51ab6.js","component---src-pages-contact-us-js-9a917a8853a75ba51ab6.js.map"],"children":{},"childAssets":{}},"component---src-pages-faq-js":{"chunks":[0,1,2,8],"assets":["styles.ee720e8b65bca6887311.css","styles-67dc029f1a40188fed91.js","styles-67dc029f1a40188fed91.js.map","1-ad028c2927b7a587358a.js","1-ad028c2927b7a587358a.js.map","2-d9b14e12b4d49e0a3556.js","2-d9b14e12b4d49e0a3556.js.map","component---src-pages-faq-js-9af4173445b93bde444d.js","component---src-pages-faq-js-9af4173445b93bde444d.js.map"],"children":{},"childAssets":{}},"component---src-pages-hire-iskill-grad-js":{"chunks":[0,1,2,9],"assets":["styles.ee720e8b65bca6887311.css","styles-67dc029f1a40188fed91.js","styles-67dc029f1a40188fed91.js.map","1-ad028c2927b7a587358a.js","1-ad028c2927b7a587358a.js.map","2-d9b14e12b4d49e0a3556.js","2-d9b14e12b4d49e0a3556.js.map","component---src-pages-hire-iskill-grad-js-08df19e08c5a78b59525.js","component---src-pages-hire-iskill-grad-js-08df19e08c5a78b59525.js.map"],"children":{},"childAssets":{}},"component---src-pages-home-js":{"chunks":[10],"assets":["component---src-pages-home-js-6ebe28868cad9c66423a.js","component---src-pages-home-js-6ebe28868cad9c66423a.js.map"],"children":{},"childAssets":{}},"component---src-pages-index-js":{"chunks":[0,1,2,23,11],"assets":["styles.ee720e8b65bca6887311.css","styles-67dc029f1a40188fed91.js","styles-67dc029f1a40188fed91.js.map","1-ad028c2927b7a587358a.js","1-ad028c2927b7a587358a.js.map","2-d9b14e12b4d49e0a3556.js","2-d9b14e12b4d49e0a3556.js.map","23-ae189477692e3cfdde6b.js","23-ae189477692e3cfdde6b.js.map","component---src-pages-index-js-92032b41d4f03a206d60.js","component---src-pages-index-js-92032b41d4f03a206d60.js.map"],"children":{},"childAssets":{}},"component---src-pages-privacy-policy-js":{"chunks":[0,1,2,12],"assets":["styles.ee720e8b65bca6887311.css","styles-67dc029f1a40188fed91.js","styles-67dc029f1a40188fed91.js.map","1-ad028c2927b7a587358a.js","1-ad028c2927b7a587358a.js.map","2-d9b14e12b4d49e0a3556.js","2-d9b14e12b4d49e0a3556.js.map","component---src-pages-privacy-policy-js-0299a893de439cf71155.js","component---src-pages-privacy-policy-js-0299a893de439cf71155.js.map"],"children":{},"childAssets":{}},"component---src-pages-profile-js":{"chunks":[13],"assets":["component---src-pages-profile-js-70e4a253e67b17352fb7.js","component---src-pages-profile-js-70e4a253e67b17352fb7.js.map"],"children":{},"childAssets":{}},"component---src-pages-program-js":{"chunks":[0,1,2,14],"assets":["styles.ee720e8b65bca6887311.css","styles-67dc029f1a40188fed91.js","styles-67dc029f1a40188fed91.js.map","1-ad028c2927b7a587358a.js","1-ad028c2927b7a587358a.js.map","2-d9b14e12b4d49e0a3556.js","2-d9b14e12b4d49e0a3556.js.map","component---src-pages-program-js-f466fb4ca5e1f5948e2f.js","component---src-pages-program-js-f466fb4ca5e1f5948e2f.js.map"],"children":{},"childAssets":{}},"component---src-pages-reskyll-js":{"chunks":[0,1,2,15],"assets":["styles.ee720e8b65bca6887311.css","styles-67dc029f1a40188fed91.js","styles-67dc029f1a40188fed91.js.map","1-ad028c2927b7a587358a.js","1-ad028c2927b7a587358a.js.map","2-d9b14e12b4d49e0a3556.js","2-d9b14e12b4d49e0a3556.js.map","component---src-pages-reskyll-js-e33af2f8c9907d57792c.js","component---src-pages-reskyll-js-e33af2f8c9907d57792c.js.map"],"children":{},"childAssets":{}},"component---src-pages-services-js":{"chunks":[0,1,2,16],"assets":["styles.ee720e8b65bca6887311.css","styles-67dc029f1a40188fed91.js","styles-67dc029f1a40188fed91.js.map","1-ad028c2927b7a587358a.js","1-ad028c2927b7a587358a.js.map","2-d9b14e12b4d49e0a3556.js","2-d9b14e12b4d49e0a3556.js.map","component---src-pages-services-js-55b7e3c3ac850865b47d.js","component---src-pages-services-js-55b7e3c3ac850865b47d.js.map"],"children":{},"childAssets":{}},"component---src-pages-signup-js":{"chunks":[0,1,2,17],"assets":["styles.ee720e8b65bca6887311.css","styles-67dc029f1a40188fed91.js","styles-67dc029f1a40188fed91.js.map","1-ad028c2927b7a587358a.js","1-ad028c2927b7a587358a.js.map","2-d9b14e12b4d49e0a3556.js","2-d9b14e12b4d49e0a3556.js.map","component---src-pages-signup-js-b893a850276e198e5396.js","component---src-pages-signup-js-b893a850276e198e5396.js.map"],"children":{},"childAssets":{}},"component---src-pages-singin-js":{"chunks":[0,1,2,18],"assets":["styles.ee720e8b65bca6887311.css","styles-67dc029f1a40188fed91.js","styles-67dc029f1a40188fed91.js.map","1-ad028c2927b7a587358a.js","1-ad028c2927b7a587358a.js.map","2-d9b14e12b4d49e0a3556.js","2-d9b14e12b4d49e0a3556.js.map","component---src-pages-singin-js-8f61f05c0ac3caf4ac58.js","component---src-pages-singin-js-8f61f05c0ac3caf4ac58.js.map"],"children":{},"childAssets":{}},"component---src-pages-terms-conditions-js":{"chunks":[0,1,2,19],"assets":["styles.ee720e8b65bca6887311.css","styles-67dc029f1a40188fed91.js","styles-67dc029f1a40188fed91.js.map","1-ad028c2927b7a587358a.js","1-ad028c2927b7a587358a.js.map","2-d9b14e12b4d49e0a3556.js","2-d9b14e12b4d49e0a3556.js.map","component---src-pages-terms-conditions-js-7f1f5060db8c4596df70.js","component---src-pages-terms-conditions-js-7f1f5060db8c4596df70.js.map"],"children":{},"childAssets":{}}},"assetsByChunkName":{"app":["webpack-runtime-d5c5cd59b24c17940248.js","app-db83ba658da3c6b48444.js"],"component---src-templates-blog-post-js":["styles.ee720e8b65bca6887311.css","styles-67dc029f1a40188fed91.js","1-ad028c2927b7a587358a.js","component---src-templates-blog-post-js-e6aa7abf7f398389f0db.js"],"component---src-templates-services-js":["styles.ee720e8b65bca6887311.css","styles-67dc029f1a40188fed91.js","1-ad028c2927b7a587358a.js","24-77478f98204b9c3b0696.js","component---src-templates-services-js-1618a96358f2973f3a2c.js"],"component---src-pages-404-js":["styles.ee720e8b65bca6887311.css","styles-67dc029f1a40188fed91.js","1-ad028c2927b7a587358a.js","2-d9b14e12b4d49e0a3556.js","component---src-pages-404-js-eb3c4a41ab74ceb5d730.js"],"component---src-pages-about-us-js":["styles.ee720e8b65bca6887311.css","styles-67dc029f1a40188fed91.js","1-ad028c2927b7a587358a.js","2-d9b14e12b4d49e0a3556.js","component---src-pages-about-us-js-08f6efd49ea1af16a0f2.js"],"component---src-pages-blog-js":["styles.ee720e8b65bca6887311.css","styles-67dc029f1a40188fed91.js","1-ad028c2927b7a587358a.js","2-d9b14e12b4d49e0a3556.js","component---src-pages-blog-js-5d4c9919ac2428009bd9.js"],"component---src-pages-contact-us-js":["styles.ee720e8b65bca6887311.css","styles-67dc029f1a40188fed91.js","1-ad028c2927b7a587358a.js","2-d9b14e12b4d49e0a3556.js","component---src-pages-contact-us-js-9a917a8853a75ba51ab6.js"],"component---src-pages-faq-js":["styles.ee720e8b65bca6887311.css","styles-67dc029f1a40188fed91.js","1-ad028c2927b7a587358a.js","2-d9b14e12b4d49e0a3556.js","component---src-pages-faq-js-9af4173445b93bde444d.js"],"component---src-pages-hire-iskill-grad-js":["styles.ee720e8b65bca6887311.css","styles-67dc029f1a40188fed91.js","1-ad028c2927b7a587358a.js","2-d9b14e12b4d49e0a3556.js","component---src-pages-hire-iskill-grad-js-08df19e08c5a78b59525.js"],"component---src-pages-home-js":["component---src-pages-home-js-6ebe28868cad9c66423a.js"],"component---src-pages-index-js":["styles.ee720e8b65bca6887311.css","styles-67dc029f1a40188fed91.js","1-ad028c2927b7a587358a.js","2-d9b14e12b4d49e0a3556.js","23-ae189477692e3cfdde6b.js","component---src-pages-index-js-92032b41d4f03a206d60.js"],"component---src-pages-privacy-policy-js":["styles.ee720e8b65bca6887311.css","styles-67dc029f1a40188fed91.js","1-ad028c2927b7a587358a.js","2-d9b14e12b4d49e0a3556.js","component---src-pages-privacy-policy-js-0299a893de439cf71155.js"],"component---src-pages-profile-js":["component---src-pages-profile-js-70e4a253e67b17352fb7.js"],"component---src-pages-program-js":["styles.ee720e8b65bca6887311.css","styles-67dc029f1a40188fed91.js","1-ad028c2927b7a587358a.js","2-d9b14e12b4d49e0a3556.js","component---src-pages-program-js-f466fb4ca5e1f5948e2f.js"],"component---src-pages-reskyll-js":["styles.ee720e8b65bca6887311.css","styles-67dc029f1a40188fed91.js","1-ad028c2927b7a587358a.js","2-d9b14e12b4d49e0a3556.js","component---src-pages-reskyll-js-e33af2f8c9907d57792c.js"],"component---src-pages-services-js":["styles.ee720e8b65bca6887311.css","styles-67dc029f1a40188fed91.js","1-ad028c2927b7a587358a.js","2-d9b14e12b4d49e0a3556.js","component---src-pages-services-js-55b7e3c3ac850865b47d.js"],"component---src-pages-signup-js":["styles.ee720e8b65bca6887311.css","styles-67dc029f1a40188fed91.js","1-ad028c2927b7a587358a.js","2-d9b14e12b4d49e0a3556.js","component---src-pages-signup-js-b893a850276e198e5396.js"],"component---src-pages-singin-js":["styles.ee720e8b65bca6887311.css","styles-67dc029f1a40188fed91.js","1-ad028c2927b7a587358a.js","2-d9b14e12b4d49e0a3556.js","component---src-pages-singin-js-8f61f05c0ac3caf4ac58.js"],"component---src-pages-terms-conditions-js":["styles.ee720e8b65bca6887311.css","styles-67dc029f1a40188fed91.js","1-ad028c2927b7a587358a.js","2-d9b14e12b4d49e0a3556.js","component---src-pages-terms-conditions-js-7f1f5060db8c4596df70.js"]}}