{"data":{"service":{"edges":[{"node":{"fields":{"slug":"/home/services/devops/"},"excerpt":"Ghost comes with powerful features built directly into the core software which can be customised and configured based on the needs of each…","timeToRead":3,"frontmatter":{"title":"Features","date":null}}},{"node":{"fields":{"slug":"/home/services/solution/"},"excerpt":"","timeToRead":1,"frontmatter":{"title":"Advancing Transit Tech","date":"2017-08-10"}}},{"node":{"fields":{"slug":"/home/services/startup/"},"excerpt":"nnnnnnnnnnnnnnnnnnnnnnnnnnnnnnnnnnnnnnnnnnnnnnnn","timeToRead":1,"frontmatter":{"title":"Software Dev","date":"2017-08-10"}}}]}}}