{"data":{"allMarkdownRemark":{"edges":[{"node":{"frontmatter":{"title":"footer","date":"2017-08-10"},"html":"<h1>Address information</h1>\n<p>Omniwyse we come to work everyday because we want to solve the biggest problems in business transformation</p>\n<p><strong>Location :</strong> 75 Broadway, Suite 202, San Francisco, CA 94111, USA</p>\n<p><strong>Location :</strong> Q2, A2, 7th Floor, Cyber Towers, Hi-tech City, Hyderabad 500081, India</p>\n<p><strong>Email :</strong> <a href=\"example@mail.com\">example@mail.com</a></p>\n<p><strong>Phone :</strong> +121 568 789 901</p>\n<p><strong>Mobile :</strong> +121 211 366 422</p>"}}]}}}